{
    "test_accuracy": 0.9794999957084656,
    "training_time": 76.6278133392334
}