{"loss": [0.40985074639320374, 0.19754749536514282, 0.15132735669612885, 0.12346690893173218, 0.10805441439151764, 0.09521865844726562, 0.08887778222560883, 0.08368396013975143, 0.0783047154545784, 0.0677485242486], "accuracy": [0.8790000081062317, 0.9435166716575623, 0.9563833475112915, 0.9637500047683716, 0.9688500165939331, 0.9727500081062317, 0.9735000133514404, 0.9755833148956299, 0.9764833450317383, 0.9797166585922241], "val_loss": [0.15017582476139069, 0.11698762327432632, 0.09395654499530792, 0.08818218857049942, 0.08536146581172943, 0.08322695642709732, 0.0816238522529602, 0.08064048737287521, 0.08026998490095139, 0.08323528617620468], "val_accuracy": [0.953000009059906, 0.9646000266075134, 0.9711999893188477, 0.973800003528595, 0.9746999740600586, 0.9764999747276306, 0.9775000214576721, 0.9772999882698059, 0.9779000282287598, 0.9775000214576721]}