{
    "test_accuracy": 0.9775000214576721,
    "training_time": 41.638601303100586
}