{"loss": [0.38085442781448364, 0.18545454740524292, 0.14646375179290771, 0.12318716943264008, 0.10694839805364609, 0.09938966482877731, 0.08968862146139145, 0.08400089293718338, 0.07783468067646027, 0.07561957836151123, 0.06916482746601105, 0.0661138966679573, 0.06340651959180832, 0.060125961899757385, 0.06233987212181091, 0.055561281740665436, 0.054244279861450195, 0.05491218343377113, 0.05129416659474373, 0.05158160626888275, 0.049674734473228455, 0.04770171642303467, 0.04647538810968399, 0.04511966556310654, 0.04662540927529335, 0.04246225953102112, 0.04357288405299187, 0.042648885399103165, 0.045034606009721756, 0.04277356341481209], "accuracy": [0.8877166509628296, 0.9469000101089478, 0.9576833248138428, 0.9646999835968018, 0.9676166772842407, 0.9708666801452637, 0.9729999899864197, 0.9736666679382324, 0.9759166836738586, 0.9765833616256714, 0.9785833358764648, 0.9787499904632568, 0.9799166917800903, 0.9810333251953125, 0.9810333251953125, 0.982366681098938, 0.9829166531562805, 0.9830499887466431, 0.9835833311080933, 0.9837499856948853, 0.9846000075340271, 0.9841333627700806, 0.9855499863624573, 0.9854000210762024, 0.9850833415985107, 0.9860166907310486, 0.9858499765396118, 0.9867833256721497, 0.9850666522979736, 0.9865000247955322], "val_loss": [0.13928762078285217, 0.10770317167043686, 0.09344354271888733, 0.08853743225336075, 0.08378156274557114, 0.08240897208452225, 0.07886563986539841, 0.08253728598356247, 0.08856034278869629, 0.08343009650707245, 0.0837409645318985, 0.08875170350074768, 0.08009740710258484, 0.08311777561903, 0.08224208652973175, 0.07729983329772949, 0.08811445534229279, 0.09166980534791946, 0.09258269518613815, 0.08928294479846954, 0.08517326414585114, 0.08965911716222763, 0.09264393150806427, 0.09564942866563797, 0.09353318810462952, 0.08965479582548141, 0.08560732752084732, 0.09940849244594574, 0.0919155478477478, 0.09417654573917389], "val_accuracy": [0.9562000036239624, 0.9684000015258789, 0.9704999923706055, 0.9740999937057495, 0.9761000275611877, 0.9757999777793884, 0.9787999987602234, 0.9775000214576721, 0.9758999943733215, 0.9775000214576721, 0.9790999889373779, 0.9787999987602234, 0.9807000160217285, 0.9779999852180481, 0.9799000024795532, 0.9800999760627747, 0.977400004863739, 0.9779999852180481, 0.9782000184059143, 0.980400025844574, 0.9811999797821045, 0.9807999730110168, 0.978600025177002, 0.9789000153541565, 0.9803000092506409, 0.9801999926567078, 0.9815999865531921, 0.9793000221252441, 0.9797999858856201, 0.9794999957084656]}