{
    "test_accuracy": 0.7184000015258789,
    "training_time": 347.7539985179901
}