{
    "test_accuracy": 0.7322999835014343,
    "training_time": 307.5269982814789
}