{"loss": [1.6048160791397095, 1.2653363943099976, 1.1255366802215576, 1.038262128829956, 0.9664294719696045, 0.9120905995368958, 0.8717615008354187, 0.8286489844322205, 0.7969648241996765, 0.7699325084686279], "accuracy": [0.4118399918079376, 0.5484799742698669, 0.6046000123023987, 0.6348999738693237, 0.6622400283813477, 0.6803600192070007, 0.6940000057220459, 0.7085199952125549, 0.7180799841880798, 0.7311800122261047], "val_loss": [1.2504631280899048, 1.1873685121536255, 1.0054254531860352, 0.9655225872993469, 0.9104568362236023, 0.9313548803329468, 0.8654049038887024, 0.8525854349136353, 0.8006084561347961, 0.8100730180740356], "val_accuracy": [0.5562999844551086, 0.5730000138282776, 0.644599974155426, 0.6654999852180481, 0.6812999844551086, 0.6700999736785889, 0.6948999762535095, 0.708899974822998, 0.7226999998092651, 0.7184000015258789]}