{"loss": [1.6199265718460083, 1.2573413848876953, 1.1075026988983154, 1.0124125480651855, 0.9374549388885498, 0.881136953830719, 0.8452041149139404, 0.8065546154975891, 0.7719208598136902, 0.7443264722824097], "accuracy": [0.4052000045776367, 0.5531399846076965, 0.6118999719619751, 0.6452400088310242, 0.6721799969673157, 0.6922600269317627, 0.7041000127792358, 0.7148399949073792, 0.726580023765564, 0.7377399802207947], "val_loss": [1.2659578323364258, 1.0941352844238281, 1.0062198638916016, 0.9537035226821899, 0.8739952445030212, 0.8786376118659973, 0.8180415630340576, 0.8299615979194641, 0.8036376237869263, 0.7981983423233032], "val_accuracy": [0.5444999933242798, 0.6079000234603882, 0.6485999822616577, 0.6718999743461609, 0.6901999711990356, 0.6923999786376953, 0.7200999855995178, 0.7125999927520752, 0.7246999740600586, 0.7322999835014343]}